{"cameraMode":{"drawMode":0,"name":"Shaded","section":"Shading Mode"},"sceneLighting":false,"audioPlay":false,"sceneViewState":{"showFog":true,"showMaterialUpdate":false,"showSkybox":false,"showFlares":true,"showImageEffects":true,"showParticleSystems":true},"in2DMode":false,"pivot":{"x":254.95721435546876,"y":311.0670471191406,"z":-10.480904579162598},"rotation":{"x":0.0026895133778452875,"y":-0.012902241200208664,"z":-0.000030428043828578666,"w":-0.9999251365661621},"size":662.0520629882813,"orthographic":false}