{"cameraMode":{"drawMode":0,"name":"Shaded","section":"Shading Mode"},"sceneLighting":true,"audioPlay":false,"sceneViewState":{"showFog":true,"showMaterialUpdate":false,"showSkybox":true,"showFlares":true,"showImageEffects":true,"showParticleSystems":true},"in2DMode":false,"pivot":{"x":-15.407975196838379,"y":5.4559326171875,"z":7.419064998626709},"rotation":{"x":-0.08912818878889084,"y":-0.8577131032943726,"z":0.15901465713977815,"w":-0.4807758629322052},"size":13.699185371398926,"orthographic":false}